-- This needs to change as we have the initial values in a property file now.
-- For KGs test tablet
insert into patient values ('patient1','M','notes','bvtype',0,0,0,0,0);
insert into clinician values ('clinician1');
insert into patient_clinician values ('patient1','clinician1');
insert into aqmonitor values ('aqm0','Dylos','DC1110','AQM','patient1');
insert into spirometer values ('spiro0','MicroLife','PF100','Spirometer','patient1');
-- For asthma1 tablet
insert into patient values ('aspira1','M','notes','bvtype',0,0,0,0,0);
insert into clinician values ('clinician1');
insert into patient_clinician values ('aspira1','clinician1');
insert into aqmonitor values ('aqm1','Dylos','DC1110','AQM','aspira1');
insert into spirometer values ('spiro1','MicroLife','PF100','Spirometer','aspira1');
-- For asthma2 tablet
insert into patient values ('aspira2','M','notes','bvtype',0,0,0,0,0);
insert into clinician values ('clinician1');
insert into patient_clinician values ('aspira2','clinician1');
insert into aqmonitor values ('aqm2','Dylos','DC1110','AQM','aspira2');
insert into spirometer values ('spiro2','MicroLife','PF100','Spirometer','aspira2');
-- For asthma3 tablet
insert into patient values ('aspira3','M','notes','bvtype',0,0,0,0,0);
insert into clinician values ('clinician1');
insert into patient_clinician values ('aspira3','clinician1');
insert into aqmonitor values ('aqm3','Dylos','DC1110','AQM','aspira3');
insert into spirometer values ('spiro3','MicroLife','PF100','Spirometer','aspira3');
-- For asthma4 tablet
insert into patient values ('aspira4','M','notes','bvtype',0,0,0,0,0);
insert into clinician values ('clinician1');
insert into patient_clinician values ('aspira4','clinician1');
insert into aqmonitor values ('aqm4','Dylos','DC1110','AQM','aspira4');
insert into spirometer values ('spiro4','MicroLife','PF100','Spirometer','aspira4');
-- For asthma5 tablet
insert into patient values ('aspira5','M','notes','bvtype',0,0,0,0,0);
insert into clinician values ('clinician1');
insert into patient_clinician values ('aspira5','clinician1');
insert into aqmonitor values ('aqm5','Dylos','DC1110','AQM','aspira5');
insert into spirometer values ('spiro5','MicroLife','PF100','Spirometer','aspira5');
-- For asthma6 tablet
insert into patient values ('aspira6','M','notes','bvtype',0,0,0,0,0);
insert into clinician values ('clinician1');
insert into patient_clinician values ('aspira6','clinician1');
insert into aqmonitor values ('aqm6','Dylos','DC1110','AQM','aspira6');
insert into spirometer values ('spiro6','MicroLife','PF100','Spirometer','aspira6');
-- For asthma9 tablet - KG surface
insert into patient values ('aspira9','M','notes','bvtype',0,0,0,0,0);
insert into clinician values ('clinician1');
insert into patient_clinician values ('aspira9','clinician1');
insert into aqmonitor values ('aqm9','Dylos','DC1110','AQM','aspira9');
insert into spirometer values ('spiro9','MicroLife','PF100','Spirometer','aspira9');
